aqi,co,no,no2,o3,so2,pm2_5,pm10,nh3,computed_aqi
5,988.01,1.24,13.71,205.99,34.33,133.73,156.15,9.88,310.77
5,3150.94,30.4,66.49,0.0,14.9,299.99,428.61,16.09,420.48
5,3524.78,18.11,71.97,0.05,12.16,455.67,571.47,10.64,482.37
5,1922.61,0.03,52.78,27.54,11.09,208.94,266.25,10.13,368.49
5,3738.4,0.64,78.14,11.0,16.69,595.27,748.71,10.26,97.66
5,2269.75,0.0,35.3,95.84,29.33,430.29,475.94,8.49,472.28
5,1762.39,0.0,33.93,73.67,24.32,356.95,395.17,6.02,443.12
5,1535.42,0.0,32.56,66.52,15.74,367.5,405.12,3.93,447.32
5,3257.75,22.8,69.23,0.01,15.02,407.5,517.5,11.15,463.22
5,3685.0,33.98,116.53,0.0,84.88,426.63,596.14,116.53,470.83
5,2670.29,17.43,82.94,0.1,22.41,274.93,395.99,24.32,410.51
5,1789.09,15.2,55.52,0.11,12.04,120.97,206.2,12.16,170.9
5,3044.13,10.51,106.93,0.11,42.44,327.85,374.02,13.55,431.55
5,2510.07,19.67,65.12,0.07,12.04,250.11,348.89,13.68,298.89
4,781.06,0.0,26.73,42.92,6.44,43.46,63.58,22.8,72.05
5,2243.04,20.79,55.52,0.03,10.37,181.27,276.48,9.37,347.25
5,1214.98,0.0,35.99,50.78,8.11,110.56,142.48,8.61,267.77
5,801.09,0.0,20.91,66.52,8.23,74.88,92.61,17.73,148.38
5,881.2,0.0,23.65,71.53,11.09,80.12,98.94,23.31,166.27
5,988.01,0.0,30.16,55.79,11.09,91.15,114.13,25.33,201.51
5,988.01,0.0,27.08,57.22,11.56,105.63,127.34,22.55,250.94
5,1094.82,0.0,28.45,46.49,8.35,127.42,150.72,17.99,305.93
5,4699.71,78.68,45.93,0.0,33.85,442.66,638.86,40.53,477.2
5,4806.52,70.63,79.51,0.0,24.32,486.21,679.41,21.53,494.52
5,2857.21,22.35,65.8,0.03,19.55,363.96,489.97,21.03,485.61
5,1628.88,0.14,45.93,20.74,10.01,176.25,229.16,7.16,343.4
5,2323.15,12.85,51.41,0.14,9.66,264.6,350.46,8.49,406.41
5,2536.77,18.77,61.69,0.04,20.27,276.93,400.3,33.44,411.31
5,2857.21,0.03,85.68,22.89,31.95,335.91,380.37,9.25,434.76
5,1161.58,0.01,38.39,38.27,10.61,102.27,138.12,22.29,239.47
5,1001.36,0.0,31.19,46.49,8.11,92.82,122.71,5.57,207.21
5,1815.8,0.64,52.78,11.0,10.13,194.33,263.54,8.36,357.28
5,5767.82,108.18,55.52,0.0,60.08,501.14,656.03,68.9,74.97
5,2323.15,0.0,51.41,39.34,20.03,294.21,349.21,9.63,418.18
5,1602.17,0.02,42.16,23.6,23.6,296.78,326.46,3.1,419.2
5,720.98,0.0,28.79,53.64,33.85,56.69,66.84,3.71,94.41
5,1134.87,0.12,26.05,16.81,9.42,69.93,105.79,4.24,131.49
5,1508.71,0.0,34.96,42.56,28.85,200.48,219.57,4.18,362.0
5,1895.9,23.47,43.53,0.02,17.88,165.92,217.62,17.73,335.47
5,2216.34,23.25,35.99,0.0,9.18,201.41,277.86,8.23,362.71
5,2189.64,13.86,47.3,0.64,11.68,238.08,310.85,5.45,390.85
5,801.09,0.0,14.4,62.23,7.21,110.29,122.12,6.02,266.85
5,934.6,0.0,18.68,59.37,6.5,106.28,123.04,4.18,253.16
5,1041.41,0.0,27.42,42.2,8.11,96.58,121.24,4.75,220.05
5,1455.31,0.07,39.76,23.6,8.94,171.61,215.26,5.38,339.84
5,3791.81,45.15,50.04,0.0,13.95,374.1,525.09,7.85,449.94
5,3578.19,29.06,47.98,0.01,30.04,486.04,659.53,29.39,494.45
5,2750.4,25.93,61.69,0.01,31.47,519.11,661.03,30.65,77.0
5,2590.18,35.76,30.85,0.0,14.31,301.16,369.21,17.48,420.94
5,1081.47,0.0,18.68,95.84,24.08,298.93,317.86,2.47,420.06
5,2777.1,38.89,31.53,0.0,23.84,356.14,499.59,29.89,499.41
5,1161.58,0.0,23.31,41.49,7.33,209.56,233.59,4.43,368.96
5,1121.52,0.0,16.62,82.25,8.94,280.42,297.1,3.48,412.7
5,3284.45,29.5,50.72,0.0,16.45,326.29,450.63,11.78,430.93
5,1548.77,0.0,23.31,91.55,19.79,303.02,329.92,3.61,421.68
5,1588.82,0.0,30.85,56.51,14.31,291.12,321.06,4.24,416.95
5,1401.9,0.02,27.08,30.4,5.9,218.67,251.22,4.81,375.96
5,1495.36,0.98,40.78,8.14,8.82,146.97,197.7,5.64,320.93
5,1642.23,2.63,45.93,3.93,8.82,174.28,232.12,5.64,341.89
5,2029.42,5.64,40.1,2.48,16.21,320.33,385.99,11.91,428.56
5,2429.96,9.84,56.21,0.77,10.13,299.72,387.92,6.08,420.37
5,1054.76,0.0,24.33,65.8,10.37,158.94,183.47,5.64,330.12
5,1428.6,0.06,38.04,23.6,7.63,146.45,182.03,5.83,320.53
5,2937.32,16.09,61.69,0.09,25.03,346.18,505.75,28.88,438.84
5,2376.56,10.62,63.06,0.37,27.18,297.56,429.42,29.39,419.51
5,2590.18,0.0,47.98,40.05,24.08,339.44,426.01,5.26,436.16
5,1308.44,0.0,23.65,78.68,34.33,339.54,375.69,3.23,436.2
5,2029.42,14.75,40.44,0.12,15.74,174.2,253.84,11.78,341.83
5,1201.63,0.15,35.99,18.95,8.58,137.27,178.14,5.45,313.49
5,734.33,0.0,16.28,70.81,7.51,75.58,91.76,8.61,150.77
5,2323.15,27.94,28.79,0.01,10.01,240.17,325.82,8.49,392.46
5,2483.37,24.14,37.01,0.02,12.4,260.56,365.46,8.87,404.8
5,6729.13,69.74,85.68,0.0,47.21,679.03,903.84,25.84,105.68
5,2403.26,13.52,55.52,0.3,19.07,402.64,530.01,15.45,461.29
5,3097.53,40.23,38.39,0.0,19.55,385.62,535.43,21.03,454.52
5,3150.94,20.79,47.98,0.04,19.31,566.59,711.77,20.52,59.77
5,3257.75,8.83,85.68,0.57,43.87,507.28,652.78,51.17,105.68
5,2643.59,11.74,40.44,0.14,12.16,513.85,638.45,11.91,15.2
5,2429.96,8.49,45.24,0.56,17.41,432.47,557.39,17.48,473.15
5,3337.86,23.47,82.25,0.07,31.47,459.4,602.73,35.97,483.86
5,2456.67,8.72,50.04,0.46,10.61,368.44,480.84,7.35,472.51
5,2243.04,1.15,54.15,10.01,12.16,397.85,488.67,6.33,483.74
5,2403.26,25.93,31.19,0.01,11.68,325.48,427.33,9.37,430.61
5,1895.9,0.04,36.67,28.61,9.42,382.16,437.46,6.59,453.15
5,1535.42,2.57,33.59,3.0,7.99,264.62,320.12,6.65,406.42
5,1522.06,0.42,43.18,13.05,10.85,189.05,261.13,12.41,353.22
5,7476.81,94.77,127.49,0.0,167.85,641.02,915.89,162.13,147.49
5,1789.09,0.04,45.93,26.11,9.54,223.74,299.77,9.12,379.85
5,1121.52,0.0,28.45,53.64,9.42,133.59,172.76,16.72,310.66
5,11856.08,193.12,153.54,0.0,105.86,890.77,1064.67,50.66,173.54
5,4539.49,47.39,59.63,0.0,62.94,365.78,543.66,53.7,446.64
5,1335.14,1.55,36.67,4.83,12.52,133.26,219.57,27.36,310.41
5,680.92,0.0,16.45,75.1,11.21,58.98,76.21,19.51,98.28
5,807.76,0.0,18.68,77.96,11.92,73.36,94.13,21.79,143.19
5,2803.8,35.32,48.67,0.0,34.81,231.6,411.02,52.18,385.88
5,2403.26,11.85,51.41,0.16,19.79,226.89,365.7,29.89,382.26
5,634.19,0.0,10.8,127.32,13.59,82.23,99.92,18.75,173.47
5,3845.22,36.21,54.84,0.0,51.5,302.4,438.11,46.61,421.44
5,781.06,0.0,16.11,103.0,24.56,111.86,144.27,20.52,272.21
5,1348.5,0.0,26.39,63.66,20.27,188.9,247.02,13.05,353.11
5,3685.0,27.49,67.86,0.0,21.22,386.68,608.7,17.73,454.95
5,1842.5,1.5,44.55,4.92,18.6,192.92,339.54,18.75,356.19
5,3685.0,10.84,73.34,0.23,37.19,316.76,472.7,33.95,460.83
5,1522.06,0.26,40.78,13.59,16.93,116.75,168.61,5.95,288.91
5,1054.76,0.06,30.16,19.13,7.75,73.93,110.39,23.05,145.14
5,867.84,0.0,23.31,37.91,8.35,74.33,110.93,22.04,146.51
5,907.9,0.0,23.65,43.63,10.49,84.48,129.9,24.83,181.16
5,1161.58,0.01,32.9,32.54,12.52,90.9,161.37,23.81,141.11
5,1335.14,1.48,39.41,4.38,12.28,115.87,211.56,26.6,285.9
5,4165.65,46.94,59.63,0.0,25.99,276.83,387.12,27.11,411.27
5,1281.74,0.07,41.13,18.06,17.17,72.22,116.69,23.31,139.3
5,1789.09,7.38,47.3,0.34,15.74,106.28,189.24,24.83,253.16
5,794.41,0.0,18.17,61.51,11.33,72.9,112.77,21.79,141.62
5,1548.77,0.37,43.53,13.05,22.89,98.99,158.56,22.8,228.28
5,1321.79,0.06,35.3,20.92,17.41,100.25,165.3,21.53,232.58
4,527.38,0.0,18.51,65.8,15.97,32.66,51.46,20.27,65.8
5,707.63,0.0,17.82,87.26,12.99,59.72,86.28,20.77,99.53
5,1174.93,0.01,37.36,30.76,12.16,84.27,143.91,24.07,180.44
5,3070.83,17.88,61.69,0.02,42.44,259.33,407.7,43.06,404.31
5,1628.88,0.0,30.5,88.69,36.72,221.69,299.12,22.8,378.27
5,3017.43,6.87,62.38,0.51,36.24,271.5,403.31,31.16,409.15
5,680.92,0.0,8.48,155.93,17.17,126.81,183.53,21.79,305.46
3,393.87,0.0,8.65,140.19,12.28,17.02,23.93,14.57,158.91
4,620.84,0.0,20.05,80.82,15.74,28.98,47.98,22.55,80.82
4,814.44,0.0,24.33,71.53,21.46,45.41,72.64,23.31,75.35
5,1321.79,0.01,41.13,24.32,18.36,71.76,132.59,26.09,137.73
5,1348.5,0.03,41.47,20.56,16.93,79.87,141.26,26.09,165.42
5,694.28,0.0,16.97,60.8,20.27,51.66,86.06,19.0,86.06
5,867.84,0.0,18.68,134.47,43.87,111.4,138.85,21.79,270.64
5,1321.79,0.01,38.39,28.25,18.6,123.35,196.95,32.93,302.8
5,921.25,0.0,27.08,55.08,16.45,59.48,91.13,25.84,99.12
4,574.11,0.0,19.54,83.69,17.64,27.37,44.69,20.27,83.69
4,600.82,0.0,15.77,77.96,10.49,37.46,58.2,23.56,77.96
5,727.65,0.0,21.42,60.08,16.45,51.95,97.14,23.56,97.14
5,907.9,0.0,26.05,65.09,19.79,72.25,120.51,22.55,139.41
4,560.76,0.0,16.62,81.54,15.74,40.18,70.39,21.79,81.54
5,794.41,0.0,25.02,50.78,14.9,52.65,101.31,23.56,101.21
5,974.66,0.0,30.16,35.05,17.41,75.28,129.79,25.33,149.75
4,507.36,0.0,13.88,81.54,10.61,27.8,56.0,13.55,81.54
5,1682.28,0.11,45.93,15.56,21.22,131.42,226.73,27.87,309.0
4,687.6,0.0,17.14,85.12,18.84,40.88,64.75,20.52,85.12
4,647.54,0.0,18.34,76.53,12.99,32.82,55.68,22.55,76.53
4,540.73,0.0,15.94,68.67,16.93,26.16,52.95,16.21,68.67
5,1441.96,0.01,42.84,32.9,20.03,107.81,189.95,17.99,258.39
3,520.71,0.0,11.48,83.69,15.02,24.65,37.0,13.81,83.69
2,514.03,0.0,11.31,74.39,10.97,18.86,34.62,14.95,74.39
4,594.14,0.0,14.57,108.72,15.97,33.62,47.49,21.53,112.41
5,1228.33,0.01,38.73,27.9,17.17,77.33,129.21,28.12,156.75
5,2216.34,3.8,65.8,1.38,35.29,133.13,262.65,35.97,310.31
5,1121.52,0.0,30.5,46.49,21.22,80.89,136.45,26.6,168.9
5,734.33,0.0,22.62,71.53,23.6,57.03,92.53,24.07,94.98
5,2429.96,0.0,66.49,45.78,61.04,186.19,254.07,31.41,351.03
5,3524.78,1.1,108.3,4.29,77.25,237.22,322.13,35.97,390.19
5,2029.42,0.0,45.24,47.21,46.73,172.24,230.65,23.56,340.32
5,2883.91,0.55,85.68,8.76,66.76,196.7,270.07,30.15,359.1
5,1401.9,0.0,29.82,52.93,32.9,110.34,181.71,24.83,267.02
5,841.14,0.0,21.76,87.26,45.3,86.19,112.36,17.48,186.99
5,1335.14,0.0,26.05,73.67,20.98,114.56,167.07,18.75,281.43
5,961.3,0.0,15.25,118.73,16.21,95.59,118.62,12.16,216.67
5,2269.75,0.01,56.21,24.32,25.51,191.12,285.61,23.05,354.81
5,1054.76,0.0,17.82,87.26,20.5,87.68,117.62,19.76,192.08
5,2937.32,0.02,71.97,22.71,54.36,186.88,267.17,29.13,351.56
5,1241.68,0.0,27.08,83.69,43.39,87.19,113.25,23.56,190.41
5,2189.64,0.0,40.1,43.99,29.09,194.72,288.82,25.33,357.58
5,5340.58,4.41,139.83,0.95,62.94,412.37,577.77,36.99,465.16
5,1642.23,0.0,31.87,41.49,22.17,115.84,175.91,24.83,285.8
5,1121.52,0.0,34.96,34.69,18.36,79.14,143.82,26.09,162.93
5,3231.05,4.08,101.45,0.86,56.74,235.05,449.97,68.9,428.22
5,974.66,0.0,19.54,101.57,20.74,80.26,135.35,16.97,166.75
5,894.55,0.0,26.73,61.51,32.42,92.4,120.65,15.2,205.78
5,2429.96,22.13,161.77,0.0,173.57,178.48,218.98,13.05,345.11
2,453.95,0.0,7.28,55.08,4.83,16.2,18.42,1.31,55.08
5,7263.18,104.61,55.52,0.0,37.67,454.62,611.13,13.43,481.96
5,4753.11,3.8,126.12,1.03,44.35,328.07,428.77,12.67,431.64
5,2536.77,0.0,67.17,45.78,29.33,173.99,261.55,17.73,341.67
5,1041.41,0.0,29.82,33.98,13.23,82.91,135.87,24.83,175.8
5,707.63,0.0,17.14,86.55,11.33,54.03,81.1,22.8,89.91
5,1188.28,0.0,41.47,28.61,17.88,57.01,115.79,25.59,110.83
5,10681.15,71.53,161.77,0.0,94.41,723.33,1018.66,52.69,181.77
5,7049.56,0.0,143.95,42.2,72.48,706.24,813.98,33.44,163.95
5,1161.58,0.0,27.42,103.0,35.29,120.03,148.46,25.08,132.53
5,700.95,0.0,22.96,87.26,37.19,68.24,85.99,16.97,125.72
5,1401.9,0.0,32.22,45.42,24.8,105.4,157.5,22.55,250.16
5,2483.37,0.0,68.55,48.64,45.3,225.64,352.39,11.02,381.31
5,3017.43,1.44,64.43,5.36,28.13,284.6,400.44,9.5,414.36
5,4379.27,3.63,81.57,1.45,31.95,516.05,734.43,23.05,101.57
5,2803.8,0.11,56.89,13.23,21.22,372.28,532.87,24.57,449.22
5,11535.65,26.38,244.02,0.0,75.34,1067.93,1303.25,38.0,264.02
5,2883.91,1.38,80.88,3.93,34.33,198.26,301.58,25.84,360.29
5,2296.45,5.31,60.32,0.44,27.9,171.74,291.85,38.51,339.94
5,3952.03,0.0,117.9,48.64,118.26,262.62,327.48,32.17,405.62
5,1174.93,0.09,39.41,13.95,26.7,72.97,202.81,25.08,168.65
5,5874.63,52.75,109.67,0.0,92.51,355.35,600.72,49.14,442.49
4,814.44,0.0,24.33,72.24,43.39,35.14,68.13,14.82,72.24
5,881.2,0.0,20.22,108.72,38.62,69.81,90.43,15.33,131.08
5,1014.71,0.0,22.28,154.5,55.31,89.82,93.85,3.26,199.39
4,607.49,0.0,21.94,90.84,42.44,34.47,43.47,13.93,90.84
4,881.2,0.0,41.47,54.36,61.04,45.74,62.27,19.25,76.18
5,3417.97,29.95,66.49,0.0,43.87,184.89,367.7,36.99,350.03
5,1148.22,0.0,26.73,67.23,32.9,101.64,133.06,6.84,237.32
4,807.76,0.0,26.39,48.64,38.62,41.32,59.11,11.91,68.44
4,827.79,0.0,27.42,55.79,38.15,48.57,75.11,11.02,80.69
2,473.98,0.0,10.8,33.62,10.73,14.77,23.27,3.71,33.62
4,734.33,0.0,18.85,50.07,22.17,43.51,62.37,12.03,72.14
5,4646.3,7.6,106.93,0.3,60.08,304.49,421.12,39.01,422.27
5,2883.91,6.31,69.23,0.34,40.05,200.18,372.87,35.97,361.77
5,1121.52,0.0,28.79,113.01,50.55,157.92,185.99,21.79,329.33
5,1842.5,0.0,38.04,47.21,38.15,138.68,207.64,27.87,314.57
5,2029.42,0.75,61.01,5.81,38.62,131.1,288.19,26.85,308.75
5,947.95,0.0,21.76,124.45,47.21,145.29,217.81,18.24,319.64
5,1081.47,0.0,24.33,103.0,42.44,117.65,141.57,16.21,291.98
5,2910.61,0.0,63.06,35.76,64.85,240.33,345.26,35.47,392.58
5,607.49,0.0,17.31,80.11,12.64,70.41,169.66,19.76,146.62
5,467.3,0.0,15.59,62.23,16.21,51.93,187.02,13.93,158.15
5,634.19,0.0,26.39,47.92,24.56,50.25,142.92,18.24,128.85
5,647.54,0.0,28.79,51.5,30.99,61.15,199.71,14.57,166.59
5,1348.5,0.03,39.76,18.24,27.18,116.77,357.78,19.51,309.5
5,1335.14,0.0,35.64,40.77,46.73,130.79,293.88,25.84,308.51
5,2723.69,7.71,70.6,1.16,47.21,174.06,401.19,30.15,363.9
5,647.54,0.0,22.96,44.35,14.42,73.84,225.06,18.75,183.43
5,694.28,0.0,21.42,65.09,24.56,57.39,166.02,14.69,144.2
5,867.84,0.0,22.62,95.84,53.41,114.5,198.67,19.0,281.22
5,781.06,0.0,21.94,107.29,47.21,67.45,79.09,12.92,123.02
4,714.3,0.0,18.85,120.16,45.78,34.69,40.57,9.5,129.31
2,540.73,0.0,19.54,28.25,32.9,16.25,20.85,4.12,41.12
4,600.82,0.0,29.13,30.76,51.98,25.77,34.27,6.97,64.8
4,907.9,0.0,32.22,32.54,39.58,38.0,61.28,11.15,62.83
4,921.25,0.0,26.39,33.26,33.85,47.78,66.18,7.92,79.35
4,720.98,0.0,20.39,77.25,34.33,39.71,52.4,11.4,77.25
5,1375.2,0.0,28.79,43.99,19.31,113.02,160.07,8.74,276.17
5,3952.03,17.66,101.45,0.23,49.11,209.98,274.25,31.16,369.29
4,727.65,0.08,26.05,13.05,38.15,28.59,32.09,1.77,47.69
4,1228.33,11.96,41.47,0.01,39.58,46.11,57.79,4.56,76.53
5,5073.55,77.78,160.4,0.0,173.57,495.56,550.57,1.65,498.23
5,1495.36,0.0,42.5,28.97,38.62,112.83,141.48,6.14,275.52
5,1295.09,0.0,28.1,27.9,36.24,84.11,95.07,4.12,179.89
5,1922.61,0.0,28.79,48.64,22.89,173.31,221.74,5.76,341.14
5,1575.47,0.0,38.39,43.99,31.47,129.68,161.35,6.4,307.66
5,934.6,0.0,26.39,48.64,27.18,57.91,79.1,8.74,96.47
5,3417.97,10.73,73.34,0.04,61.99,232.52,291.66,8.49,386.59
5,2296.45,12.07,62.38,0.03,50.07,123.73,160.49,6.97,303.1
5,2723.69,46.94,37.7,0.0,41.01,155.75,225.52,15.96,327.67
5,1949.31,17.66,42.5,0.0,19.07,99.49,197.59,9.12,229.98
5,1014.71,0.0,20.22,47.92,24.32,72.8,83.75,3.8,141.28
5,1361.85,0.0,30.85,41.13,27.66,116.38,147.12,5.76,287.64
5,2483.37,29.95,23.65,0.0,13.71,149.29,272.27,7.22,322.71
5,1161.58,0.0,27.76,26.46,19.79,88.99,120.2,4.37,196.55
5,674.25,0.0,15.25,62.94,18.6,58.98,69.6,4.5,98.28
5,794.41,0.0,21.25,39.7,17.88,63.52,90.34,6.14,109.6
5,1535.42,0.0,32.22,27.18,22.89,129.28,181.93,6.4,307.35
5,2750.4,1.82,55.52,3.44,36.72,210.18,271.65,5.32,369.44
5,1815.8,0.03,36.33,15.74,25.27,128.03,165.29,6.02,306.4
5,2029.42,0.09,38.73,13.59,26.23,124.44,165.42,5.76,303.64
5,8438.11,227.09,90.48,0.0,81.06,652.15,763.91,7.54,110.48
5,2243.04,12.07,54.84,0.01,30.04,148.65,355.72,16.72,322.22
5,1922.61,9.28,54.84,0.18,31.47,97.2,183.85,16.47,222.17
5,2109.53,15.87,56.21,0.04,32.42,109.33,212.25,19.25,263.57
5,1668.93,5.64,58.26,2.5,31.95,84.46,166.07,22.04,181.09
4,847.82,0.11,34.96,17.88,23.84,44.03,98.56,15.45,98.56
5,5928.04,116.23,53.47,0.0,105.86,347.44,651.38,95.25,439.34
5,6301.88,102.82,47.98,0.0,41.49,430.11,700.22,12.79,472.21
5,7904.05,114.44,67.17,0.0,50.55,572.16,896.29,26.6,83.88
5,1789.09,0.0,32.56,47.21,19.55,186.18,281.65,8.49,351.02
5,1201.63,0.91,35.99,3.4,43.87,59.63,75.74,6.65,99.37
3,680.92,0.05,21.08,14.66,26.46,24.29,30.46,2.85,40.48
4,767.71,0.02,22.96,20.56,31.47,40.36,45.96,2.44,66.82
5,2243.04,16.54,37.7,0.01,26.7,118.98,168.35,5.89,296.52
5,8544.92,191.33,47.3,0.0,43.87,544.34,669.48,10.89,58.92
5,6675.72,146.63,47.3,0.0,42.92,364.39,465.33,7.85,450.26
5,907.9,0.01,30.16,26.11,19.55,52.62,137.92,18.49,125.53
5,2883.91,37.1,70.6,0.01,35.76,153.86,278.97,16.09,326.22
5,1562.12,0.59,61.01,5.63,41.96,96.15,225.57,18.24,218.58
5,961.3,0.07,30.5,13.41,28.85,74.52,104.16,5.83,147.15
5,947.95,0.0,25.36,42.92,32.42,109.27,121.85,5.7,263.37
4,801.09,0.02,25.36,21.64,28.13,44.44,64.23,5.76,73.71
4,700.95,0.01,24.33,23.6,29.8,38.15,45.95,3.42,63.08
5,1588.82,1.23,37.36,3.17,23.37,102.59,164.05,6.08,240.57
5,3738.4,30.85,89.11,0.0,51.98,233.74,290.55,8.36,387.52
5,1895.9,17.21,61.69,0.0,69.62,115.51,142.06,5.38,284.67
5,7904.05,159.14,40.44,0.0,34.81,518.83,649.22,13.81,43.51
5,6515.5,9.95,126.12,0.13,55.79,607.09,687.19,4.62,146.12
5,4325.87,36.66,89.11,0.0,46.25,308.06,393.75,8.11,423.69
4,894.55,0.01,21.76,22.53,26.23,32.45,45.61,5.13,53.45
4,580.79,0.0,21.76,36.48,30.99,25.77,35.43,5.32,42.95
5,867.84,0.0,23.65,44.35,29.8,61.36,76.73,5.51,102.23
4,767.71,0.03,23.31,19.67,30.28,30.99,36.7,2.76,37.85
4,761.03,0.03,21.76,18.24,27.18,39.86,48.47,3.83,65.97
5,1068.12,0.1,21.76,11.62,12.52,66.11,97.31,4.62,118.44
5,1308.44,0.01,27.76,24.68,20.27,99.14,137.33,5.26,228.79
5,3231.05,59.01,16.28,0.0,25.51,206.81,430.32,17.73,366.85
5,1388.55,0.81,38.73,10.73,10.73,101.8,173.51,5.51,237.87
5,1214.98,0.07,30.5,17.35,18.6,107.62,149.53,7.79,257.74
3,540.73,0.0,20.05,28.61,21.7,23.18,34.36,6.9,38.63
5,934.6,0.0,21.25,43.99,20.5,67.49,88.21,6.08,123.16
5,1628.88,0.34,42.16,7.87,21.7,128.08,171.49,6.46,306.43
5,1895.9,0.11,54.84,11.62,31.95,135.97,186.86,7.85,312.49
5,1708.98,0.0,34.62,41.84,34.33,199.61,228.74,6.33,361.33
5,1508.71,2.1,34.62,1.54,30.28,102.38,129.16,6.71,239.85
5,1188.28,0.03,28.79,18.06,20.27,93.22,135.14,5.26,208.58
5,1228.33,0.01,30.16,21.64,18.36,86.37,127.81,5.13,187.61
5,1241.68,0.01,25.36,25.75,13.71,114.71,162.21,6.14,281.94
5,934.6,0.0,18.17,48.64,16.93,65.85,85.18,4.94,117.56
5,1869.2,0.53,41.13,14.31,20.98,135.48,196.01,7.41,312.11
5,974.66,0.02,27.76,20.74,25.99,54.67,78.89,6.08,90.99
5,1188.28,0.0,32.9,58.65,40.05,103.81,130.59,6.59,244.73
5,8224.49,97.45,116.53,0.0,51.98,619.22,798.04,10.89,136.53
5,6141.66,40.23,119.27,0.0,42.92,413.59,502.07,10.64,465.64
5,1268.39,0.1,33.24,12.7,12.04,74.0,113.67,7.54,145.38
5,1668.93,8.05,38.73,0.12,16.69,78.7,137.47,12.41,161.42
5,6515.5,113.55,51.41,0.0,46.25,423.72,737.35,34.45,469.67
5,6622.31,67.95,148.06,0.0,122.07,523.68,813.73,127.67,168.06
5,1642.23,0.18,42.16,13.23,15.97,127.99,193.39,9.88,306.36
5,1535.42,0.0,37.36,38.27,12.64,132.07,194.69,11.27,309.5
5,3471.37,39.34,52.78,0.0,24.32,232.36,385.49,16.97,386.46
5,1815.8,9.39,42.5,0.14,13.83,131.25,248.42,15.07,308.87
5,9506.23,164.51,100.08,0.0,160.22,667.51,898.17,135.78,127.23
5,13031.01,236.03,113.79,0.0,123.98,922.13,1171.47,90.18,133.79
5,1401.9,0.6,43.53,20.03,11.09,106.37,195.68,24.07,253.47
5,1214.98,0.0,25.36,74.39,17.41,179.46,236.96,25.84,345.86
5,1001.36,0.0,28.1,50.78,12.04,89.78,129.89,24.07,199.25
5,1508.71,0.01,39.76,30.04,12.4,126.71,190.83,24.32,305.38
5,3898.62,16.76,60.32,0.02,34.81,383.19,542.75,31.41,453.56
5,947.95,0.27,22.96,9.03,9.3,68.22,96.41,5.13,125.65
5,1028.06,5.76,27.42,0.14,10.37,53.24,97.02,6.27,97.02
5,1401.9,0.1,37.36,15.91,13.83,83.47,119.53,6.84,177.71
5,1174.93,0.0,31.19,45.06,13.95,94.6,136.43,22.55,213.29
5,947.95,0.0,29.47,43.27,12.4,69.14,125.0,22.29,128.79
5,17089.84,418.43,109.67,0.0,115.4,1171.57,1438.15,60.8,129.67
5,2216.34,4.25,65.8,0.54,24.8,129.97,180.78,13.05,307.88
5,1281.74,0.57,30.85,9.92,9.66,104.78,150.95,4.31,248.04
5,1028.06,0.0,27.42,40.05,9.66,107.56,139.9,6.9,257.53
5,1482.01,0.11,41.13,18.24,11.09,109.31,172.67,13.81,263.51
5,1094.82,0.0,28.45,53.64,10.25,89.64,125.28,19.51,198.77
5,1575.47,0.86,44.55,7.15,10.01,113.26,176.33,10.64,276.99
5,1375.2,0.0,29.82,67.95,10.73,134.42,171.85,20.27,311.3
5,1241.68,0.0,16.28,108.72,13.23,135.97,163.03,24.57,312.49
5,4753.11,72.42,74.71,0.0,62.94,345.21,537.28,81.06,438.46
5,2429.96,0.0,54.84,54.36,30.52,272.11,342.32,12.92,409.39
5,2696.99,0.0,59.63,50.07,30.99,325.31,388.36,13.05,430.54
5,4219.06,43.81,79.51,0.02,29.8,326.7,423.43,38.0,431.1
5,4806.52,40.23,119.27,0.0,58.65,444.65,643.47,65.86,477.99
5,3898.62,43.81,65.8,0.0,19.07,267.35,387.03,33.94,407.5
5,1762.39,0.0,13.71,141.62,11.56,173.63,201.62,25.84,341.39
5,2136.23,0.0,37.7,43.63,10.01,202.51,259.17,21.28,363.55
5,2403.26,0.0,35.3,67.23,13.71,211.51,257.53,29.64,370.46
5,3738.4,1.79,86.37,3.93,17.88,349.67,487.08,24.32,481.46
5,4486.08,15.65,78.83,0.04,24.56,414.74,582.95,40.02,466.1
5,2910.61,20.79,51.41,0.0,14.54,266.75,407.37,23.31,407.26
5,2616.88,1.29,62.38,7.96,13.11,234.79,313.12,29.89,388.33
5,2109.53,0.0,37.7,55.79,10.73,202.88,247.91,27.36,363.84
5,2883.91,8.61,68.55,0.51,13.23,231.64,316.0,30.4,385.91
5,2029.42,1.44,56.21,5.5,13.11,216.01,290.47,29.64,373.91
5,2323.15,5.09,58.26,1.04,12.87,244.25,337.08,25.08,395.59
5,7156.37,88.51,97.33,0.0,31.95,682.44,978.15,36.98,117.33
5,5180.36,40.68,171.36,0.0,122.07,547.64,766.34,168.2,191.36
5,2990.72,38.0,55.52,0.0,18.6,246.58,375.02,23.81,397.38
5,1375.2,0.0,33.24,48.64,10.85,165.84,209.02,23.81,335.41
5,1108.17,0.0,21.08,77.96,11.44,131.34,150.76,24.57,308.94
5,974.66,0.0,18.68,85.12,11.68,129.83,150.94,21.28,307.78
5,3337.86,36.66,60.32,0.0,20.74,302.64,450.06,30.4,428.35
5,3952.03,2.37,80.88,6.08,24.08,533.84,633.17,10.77,30.1
5,11001.59,243.19,116.53,0.0,34.81,804.43,964.07,13.68,136.53
5,7476.81,86.72,116.53,0.0,131.61,764.23,1022.97,129.7,136.53
5,2109.53,0.05,42.5,20.56,12.87,276.76,340.07,5.38,411.24
5,2670.29,11.4,76.77,0.12,35.29,345.12,484.74,95.25,478.11
5,1014.71,0.0,24.68,65.09,9.3,111.27,133.48,24.07,270.2
5,1869.2,0.34,47.98,13.23,10.85,221.17,291.07,18.75,377.87
5,1815.8,0.04,45.24,24.32,10.85,263.89,320.61,17.23,406.12
5,2296.45,2.49,54.15,4.02,11.56,266.59,336.37,8.11,407.2
5,3150.94,38.44,108.3,0.0,56.27,332.01,503.75,87.14,433.21
5,5180.36,54.09,101.45,0.0,56.74,480.37,652.3,70.93,492.2
5,1869.2,7.1,64.43,0.93,21.22,251.64,304.34,8.74,401.25
5,1281.74,0.05,36.33,22.53,8.23,131.51,168.82,5.57,309.07
5,1214.98,0.01,36.67,31.83,9.42,90.82,124.13,19.76,116.37
5,2136.23,7.6,56.21,0.46,11.21,174.56,246.16,10.13,342.1
5,2563.48,1.49,66.49,7.87,11.56,243.29,310.54,8.36,394.85
5,1401.9,0.0,36.33,42.92,11.44,152.63,184.12,17.73,325.27
5,1976.01,1.9,51.41,3.84,8.94,209.2,265.09,11.65,368.69
5,14099.12,232.46,246.76,0.0,116.35,1172.89,1400.39,100.31,266.76
5,4859.92,29.5,102.82,0.01,87.74,706.98,900.97,70.93,122.82
5,2002.72,2.26,70.6,5.81,31.47,316.23,390.07,12.16,426.93
5,2670.29,11.73,78.14,0.28,19.55,309.43,420.58,22.29,424.23
5,1214.98,0.0,34.27,42.92,10.01,157.42,186.71,11.65,328.95
5,934.6,0.0,20.73,80.82,10.25,89.76,107.54,20.77,199.18
5,881.2,0.0,12.17,105.86,12.4,104.57,115.91,18.24,247.33
5,1041.41,0.0,21.42,77.96,12.04,156.68,177.58,15.33,328.38
5,3150.94,39.79,58.26,0.0,12.16,323.17,439.74,9.75,429.69
5,2723.69,22.58,56.89,0.02,13.23,329.59,438.34,13.05,432.25
5,3631.59,43.36,76.77,0.0,29.33,401.75,568.52,39.52,460.94
5,5287.17,43.36,85.0,0.0,29.8,601.65,781.29,20.27,105.0
5,4005.43,11.73,79.51,0.2,45.78,610.01,807.37,48.64,99.38
5,5020.14,31.29,130.24,0.0,58.65,658.38,867.8,82.08,150.24
5,2029.42,0.01,34.27,36.48,20.5,342.77,377.81,2.5,437.49
5,1895.9,23.69,45.24,0.03,13.83,161.77,241.68,9.63,332.29
5,7583.62,169.87,57.58,0.0,70.57,668.44,911.17,42.56,88.15
5,1708.98,0.19,48.67,17.7,8.58,173.6,223.24,13.81,341.37
5,1869.2,0.25,56.21,20.03,9.06,167.37,225.52,6.33,336.59
5,2269.74,1.09,64.43,7.06,10.01,230.56,292.91,5.64,385.08
5,2937.32,7.6,58.95,0.87,8.11,344.25,414.38,5.95,438.08
5,2136.23,1.16,46.61,6.62,7.75,293.96,354.64,6.84,418.08
5,3364.56,25.7,52.09,0.01,12.52,358.17,458.79,8.61,443.61
5,3070.83,26.15,46.61,0.01,23.37,378.07,533.27,32.17,451.52
5,1588.82,0.0,41.13,42.92,41.96,198.95,211.53,4.24,360.82
5,1762.39,0.3,54.15,13.77,35.76,205.69,230.14,5.57,365.99
5,801.09,0.0,26.73,52.93,34.33,88.26,95.42,4.24,194.06
5,3257.75,46.49,43.53,0.0,31.95,224.92,272.42,9.88,380.75
5,1174.93,3.69,26.39,0.86,6.85,63.42,90.2,5.32,109.26
5,2136.23,10.95,46.61,0.4,9.42,193.63,266.28,6.9,356.74
5,1281.74,0.0,28.79,45.78,10.61,129.83,154.75,4.43,307.78
5,4058.84,54.99,41.47,0.0,16.45,396.16,528.41,12.03,458.71
5,8438.11,134.11,161.77,0.0,119.21,696.28,945.87,118.55,181.77
5,2216.34,1.17,53.47,7.78,8.94,240.94,303.34,5.7,393.05
5,1815.8,0.82,38.73,7.96,8.11,263.23,314.92,7.28,405.86
5,3097.53,35.32,45.24,0.0,18.12,366.08,466.68,24.32,452.19
5,4058.84,76.0,60.32,0.0,55.79,428.14,590.22,76.0,471.43
5,1628.88,0.22,38.39,15.56,9.42,245.25,291.37,5.0,396.35
5,2750.4,19.89,46.61,0.02,23.6,297.66,393.62,19.76,419.55
5,14953.61,400.54,76.77,0.0,56.74,1231.02,1506.77,29.64,95.94
5,2616.88,0.03,54.84,60.8,21.93,389.11,427.39,2.85,455.91
5,801.09,0.0,23.65,67.95,36.72,103.61,107.51,2.53,244.05
5,1869.2,15.87,25.36,0.02,15.02,121.22,154.28,8.99,301.17
5,2456.67,45.15,24.68,0.0,11.32,177.81,284.0,10.26,344.6
5,1361.85,0.11,34.96,20.38,8.58,149.07,185.86,4.75,322.54
5,1161.58,0.0,26.73,42.2,8.46,120.33,146.44,4.5,131.19
5,881.2,0.0,22.62,62.94,10.25,92.39,112.42,7.16,205.75
5,1214.98,0.16,39.07,17.34,9.06,90.79,127.04,4.5,118.3
5,727.65,0.0,20.91,44.7,8.11,81.69,101.95,4.62,171.63
5,1121.52,0.01,25.36,40.05,8.7,160.35,189.66,3.93,331.2
5,5393.98,44.7,141.2,0.0,183.11,712.25,969.13,143.89,161.2
5,1081.47,0.0,24.33,47.21,9.78,205.88,251.3,4.81,366.14
5,1468.66,0.0,27.76,107.29,37.67,302.55,351.0,3.61,421.5
5,1441.96,0.01,43.87,36.12,41.01,160.04,182.47,6.4,330.96
5,1842.5,30.85,34.27,0.0,15.5,133.23,242.19,17.48,310.39
5,2777.1,24.14,55.52,0.03,16.69,292.61,413.85,13.05,417.54
5,7797.24,67.95,134.35,0.0,44.35,854.31,1040.81,26.6,154.35
5,7690.43,118.02,86.37,0.0,67.71,715.63,978.15,62.32,106.37
5,6355.29,67.95,72.66,0.0,83.92,734.99,891.86,65.86,101.97
5,2937.32,33.97,32.22,0.0,18.6,301.58,467.28,14.06,453.05
5,1108.17,0.0,16.28,107.29,13.35,107.64,125.31,18.49,257.81
5,934.6,0.0,17.82,83.68,11.21,130.88,154.31,11.27,308.58
5,2376.56,36.66,28.1,0.0,16.45,219.7,345.48,20.01,376.75
5,2723.69,5.25,65.12,1.41,42.92,343.18,513.9,82.08,437.65
5,4753.11,42.47,74.03,0.0,61.99,613.5,882.91,63.33,92.5
5,1762.39,3.41,43.53,2.5,11.09,289.01,369.67,8.49,416.11
5,1148.22,0.0,29.82,43.27,9.89,169.25,211.82,6.4,338.03
5,3124.24,27.72,56.89,0.01,35.76,288.13,423.44,39.52,415.76
5,1148.22,0.01,32.9,31.83,9.89,103.1,143.24,22.04,242.31
5,834.47,0.0,15.59,85.83,15.5,119.66,136.87,16.09,298.84
5,1228.33,0.12,27.76,26.46,12.87,140.26,175.55,9.75,315.78
5,10467.53,171.66,164.51,0.0,88.69,856.13,972.68,36.48,184.51
5,847.82,0.0,22.62,125.89,65.8,165.23,180.48,11.78,334.94
5,3150.94,13.41,43.87,0.16,15.5,405.31,556.07,8.74,462.35
5,1415.25,0.3,35.3,17.88,10.01,136.04,186.35,7.22,312.54
5,894.55,0.0,18.16,111.58,20.03,119.89,143.72,5.57,299.62
4,594.14,0.0,19.36,60.08,15.5,26.76,42.03,15.45,60.08
4,680.92,0.0,18.51,63.66,9.66,49.68,65.61,21.53,82.56
5,1108.17,0.0,28.79,52.93,11.56,109.68,141.46,20.01,264.77
5,1361.85,0.25,35.64,15.38,8.7,117.62,162.37,13.81,291.88
5,3391.27,22.58,90.48,0.01,30.52,219.09,375.56,44.58,376.28
5,2109.53,12.85,46.61,0.19,12.87,217.04,333.0,7.16,374.71
4,580.79,0.0,11.14,79.39,7.15,39.18,48.31,15.58,79.39
5,747.68,0.0,15.42,70.81,7.87,71.47,87.58,20.52,136.74
5,7797.24,18.78,213.86,0.04,146.87,691.63,875.23,117.54,233.86
5,2510.07,2.63,69.23,2.86,18.36,406.91,562.76,27.61,462.99
5,1028.06,0.01,28.79,33.97,9.66,77.78,110.98,23.81,158.28
5,767.71,0.0,24.33,37.19,11.68,54.5,81.97,23.56,90.71
5,821.11,0.0,19.02,72.24,11.21,77.45,101.87,21.53,157.16
5,821.11,0.0,20.73,55.79,10.73,63.26,91.8,23.05,108.72
5,807.76,0.0,19.71,50.07,7.99,63.6,94.83,20.52,109.88
5,1495.36,2.74,39.07,2.1,8.94,125.03,202.4,13.55,304.09
5,2162.93,13.19,50.72,0.07,14.66,188.32,330.91,18.24,352.66
5,694.27,0.0,14.91,80.11,12.4,98.15,144.8,20.27,225.41
5,907.9,0.0,17.14,72.24,10.13,130.25,176.9,22.29,308.1
5,1668.93,0.0,28.45,71.53,26.94,274.26,344.8,13.17,410.25
5,3097.53,7.49,60.32,0.77,27.42,315.36,409.88,19.76,426.59
5,3257.75,0.0,71.29,27.18,35.76,410.37,532.13,22.29,464.36
5,1869.2,0.26,37.7,11.18,14.66,241.29,329.06,25.84,393.32
5,647.54,0.0,15.25,79.39,16.21,89.82,118.83,21.79,199.39
5,787.73,0.0,13.88,115.87,18.6,120.0,150.69,21.28,300.0
5,5981.45,46.04,146.69,0.0,135.42,428.44,518.98,36.98,471.55
5,1321.79,0.0,35.3,38.98,16.45,143.29,229.26,24.57,318.11
5,707.63,0.0,20.05,67.23,13.23,64.38,95.82,22.8,112.54
5,660.9,0.0,13.19,87.98,11.32,85.17,111.24,22.29,183.51
5,1482.01,1.49,47.3,4.11,21.93,103.43,198.37,32.42,243.43
5,2269.74,4.3,63.75,1.36,34.33,147.94,269.81,27.87,321.67
5,2189.64,21.23,49.35,0.0,35.76,136.96,295.62,46.1,313.25
5,2590.18,10.51,65.12,0.11,33.38,198.6,353.89,33.44,360.55
5,1708.98,0.11,40.1,21.1,22.89,239.63,320.94,30.91,392.04
5,988.01,0.0,27.76,60.08,18.6,58.41,90.05,23.05,97.31
5,2056.12,0.0,46.61,56.51,51.5,153.86,210.59,26.09,326.22
5,2269.74,1.1,67.86,5.63,36.72,161.41,270.48,32.93,332.01
5,754.36,0.0,20.73,87.26,18.6,60.69,95.11,21.79,95.11
5,774.38,0.0,21.25,84.4,16.45,71.39,101.05,22.04,136.47
5,1054.76,0.0,32.9,52.93,21.46,76.46,123.17,25.84,153.78
5,1201.63,0.01,39.41,28.25,22.17,74.81,130.08,25.84,148.14
4,754.36,0.0,23.99,61.51,14.07,49.81,93.51,20.52,93.51
5,921.25,0.0,27.42,56.51,25.27,69.05,115.27,22.8,128.48
5,707.63,0.0,19.71,80.82,16.93,57.72,94.08,22.29,96.15
4,854.49,0.0,28.1,50.07,16.93,49.99,98.08,23.56,98.08
5,6942.75,19.45,178.22,0.01,154.5,406.45,536.39,37.49,462.81
5,2349.85,7.6,65.8,0.52,43.87,151.9,335.41,35.97,324.71
5,2563.48,9.16,61.69,0.21,55.31,177.27,341.35,32.42,344.18
5,1054.76,0.0,29.82,65.09,24.56,88.97,147.71,24.07,196.48
5,1028.06,0.0,34.62,31.47,16.93,57.96,106.29,26.35,104.51
5,1522.06,0.22,42.16,11.62,31.95,94.57,186.45,28.63,213.19
5,881.2,0.0,27.08,51.5,15.74,57.21,99.22,24.57,99.22
5,841.14,0.0,32.22,36.48,22.41,69.58,153.0,23.81,135.55
5,747.68,0.0,24.68,67.23,22.65,64.35,124.83,20.27,116.83
5,1108.17,0.0,31.87,37.55,30.28,94.51,188.32,23.05,212.98
4,554.08,0.0,18.68,81.54,18.12,45.86,92.08,22.04,92.08
4,480.65,0.0,13.88,110.15,21.93,41.32,67.33,19.25,114.52
4,674.25,0.0,14.05,113.01,14.78,45.4,71.95,21.79,118.75
5,894.55,0.0,33.59,50.78,24.32,55.68,115.03,23.56,110.32
5,827.79,0.0,23.31,108.72,21.22,64.46,119.31,20.52,113.17
5,1028.06,0.0,26.39,85.12,18.84,57.53,95.42,26.35,95.83
5,1321.79,0.15,47.3,13.59,23.6,73.78,159.62,28.12,144.63
4,607.49,0.0,20.73,64.37,12.52,34.75,67.69,21.79,67.69
4,814.44,0.0,27.08,43.27,15.5,43.97,94.37,22.29,94.37
5,774.38,0.0,15.25,158.79,35.76,89.83,106.27,14.19,199.42
4,807.76,0.0,20.05,94.41,40.05,49.88,63.86,17.48,94.41
5,1708.98,0.0,47.3,84.4,61.04,135.31,166.38,25.84,311.98
5,3150.94,0.02,75.4,22.71,63.9,203.44,318.02,39.01,364.27
5,1268.39,0.0,40.1,32.54,22.17,76.27,166.75,25.59,153.13
5,1028.06,0.0,31.87,47.21,19.55,61.73,125.65,23.81,117.38
5,1762.39,0.0,38.73,28.61,32.9,122.14,199.48,24.07,301.87
5,801.09,0.0,18.16,104.43,36.72,52.2,67.54,16.47,106.07
5,847.82,0.0,24.33,82.97,46.73,52.25,68.1,15.33,86.91
5,1255.04,0.0,26.39,52.93,21.46,96.1,148.12,24.07,218.41
5,1081.47,0.0,27.76,113.01,52.93,111.8,135.14,21.79,272.01
5,1268.39,0.0,30.85,110.15,61.99,140.86,181.42,24.32,316.24
5,1041.41,0.0,29.47,73.67,26.46,101.32,152.15,23.31,236.23
5,1108.17,0.0,30.5,62.23,21.93,83.16,130.35,22.29,176.65
5,6088.26,50.07,124.75,0.0,141.14,303.4,432.3,40.53,421.83
5,2536.77,0.0,63.06,50.07,77.25,244.87,311.14,31.66,396.06
5,947.95,0.0,16.79,130.18,31.47,123.96,157.81,14.95,303.27
5,2483.37,0.0,67.17,25.39,64.85,187.76,366.19,31.41,352.23
5,1361.85,0.0,40.44,35.76,34.81,140.53,321.63,25.84,315.99
5,1588.82,0.0,36.33,65.09,40.53,174.64,276.16,26.09,342.17
5,2536.77,0.11,61.01,16.45,53.88,210.0,364.56,28.63,369.3
5,680.92,0.0,15.08,113.01,30.99,90.95,139.56,14.31,126.62
4,547.41,0.0,6.68,127.32,10.37,43.56,48.08,2.37,139.89
5,1388.55,0.0,31.19,62.23,30.99,97.1,139.02,16.72,221.82
5,2189.64,0.03,65.12,18.78,28.13,193.1,334.2,30.65,356.33
5,1214.98,0.0,25.36,69.38,26.46,114.74,162.44,22.04,282.04
5,1108.17,0.06,39.07,16.63,17.64,76.15,193.09,21.79,162.19
5,2162.93,1.47,70.6,4.02,38.15,154.01,340.52,29.13,326.33
5,881.2,0.0,15.77,113.01,31.95,106.33,169.98,18.49,253.33
5,2162.93,0.0,61.01,43.63,51.5,191.05,395.99,32.42,357.38
5,4325.87,2.01,132.98,4.52,52.93,343.46,627.57,48.13,437.76
5,1495.36,0.04,48.67,18.6,27.66,110.73,290.04,23.56,268.35
5,1615.52,0.75,52.78,6.97,31.95,118.76,286.19,27.11,295.77
5,2590.18,2.07,86.37,3.13,69.62,164.09,319.19,39.52,334.07
5,1482.01,0.01,54.15,19.67,27.66,94.56,220.36,26.6,213.15
5,660.9,0.0,23.65,56.51,19.07,49.38,165.48,18.49,143.84
5,4646.3,25.26,111.04,0.02,93.46,250.72,464.7,39.52,449.35
5,1001.36,0.0,29.47,65.8,27.42,95.27,261.5,21.53,215.58
5,534.06,0.0,18.34,72.24,16.69,38.29,126.76,17.23,118.12
5,3231.05,9.95,91.85,0.09,69.62,188.34,423.12,32.93,391.38
5,1188.28,0.0,42.84,23.6,25.27,80.18,233.44,29.39,189.0
5,727.65,0.0,23.65,50.07,16.69,68.65,200.16,21.03,166.88
5,687.6,0.0,23.31,43.99,15.5,45.66,125.42,20.77,117.23
5,467.3,0.0,14.57,67.23,16.21,34.63,100.38,15.58,67.23
2,380.52,0.0,9.17,58.65,10.49,15.74,32.27,11.15,58.65
2,373.84,0.0,11.31,62.23,12.64,15.51,30.78,10.89,62.23
5,1455.31,0.0,60.32,21.1,49.11,61.4,96.29,23.56,102.37
5,2082.82,0.24,79.51,9.48,56.27,103.3,156.46,20.52,242.99
3,761.03,0.0,28.1,31.83,24.32,24.93,38.95,13.68,41.55
5,2910.61,26.6,53.47,0.0,33.38,136.75,222.45,30.4,313.09
5,1335.14,0.04,47.98,17.7,28.85,65.14,101.83,23.81,115.13
5,2376.56,0.0,82.94,46.49,74.39,211.04,251.2,11.65,370.1
5,720.98,0.0,21.93,62.23,12.99,56.79,90.37,22.55,94.58
4,647.54,0.0,16.11,95.84,11.8,42.57,67.89,20.27,95.84
5,1628.88,0.28,58.26,10.73,18.6,89.72,208.61,28.12,199.04
5,4219.06,2.04,105.56,5.14,66.76,317.45,502.68,39.01,427.42
4,660.9,0.0,16.28,133.04,39.58,30.56,38.24,10.89,148.34
4,854.49,0.0,35.3,57.22,69.62,27.86,38.68,14.19,86.96
5,3177.64,6.26,65.8,0.39,46.73,176.14,343.41,35.97,343.32
4,867.84,0.0,24.33,49.35,50.54,40.72,49.85,10.26,67.42
5,947.95,3.49,43.18,0.44,75.34,50.47,58.51,2.6,94.15
5,7049.56,137.69,98.71,0.0,82.97,502.21,662.39,28.12,118.71
5,781.06,0.0,31.19,46.49,43.87,59.24,67.11,7.28,98.72
5,5020.14,51.86,66.49,0.0,32.42,341.82,475.94,12.16,465.48
5,7049.56,23.47,138.46,0.01,64.85,488.33,626.17,20.77,495.36
5,761.03,0.0,11.31,128.75,19.31,61.19,70.73,4.81,142.0
5,1508.71,0.0,32.22,42.2,25.75,76.26,122.83,10.26,153.09
4,921.25,0.0,25.7,40.41,26.7,47.93,73.78,14.82,79.61
5,1201.63,0.0,32.22,55.07,35.29,81.3,113.43,24.07,170.3
4,734.33,0.0,25.02,32.19,37.67,39.66,46.31,4.05,65.63
5,961.3,0.0,21.93,41.48,20.03,69.86,99.43,7.22,131.25
5,1815.8,0.0,27.76,113.01,32.9,194.24,253.84,9.25,357.21
5,1628.88,0.0,44.55,29.33,37.67,111.23,151.29,12.41,270.06
5,934.6,0.0,20.39,64.37,17.17,72.18,107.57,8.74,139.17
4,767.71,0.0,21.08,41.13,17.4,47.65,73.72,5.89,79.13
5,1695.63,0.0,48.67,27.89,35.76,100.1,146.67,11.91,232.07
5,841.14,0.0,23.65,50.07,33.38,55.49,68.53,6.33,92.38
5,1441.96,0.12,30.5,12.52,14.19,108.93,175.99,6.4,262.21
5,1548.77,0.0,34.96,35.41,24.56,126.51,180.63,13.93,305.23
5,4058.84,0.0,120.64,34.33,165.94,563.53,623.15,0.63,140.64
5,2243.04,19.0,53.47,0.0,39.1,161.88,209.17,6.21,332.37
5,1842.5,2.04,56.21,1.79,67.71,100.42,125.34,5.76,233.16
4,907.9,0.0,21.93,26.11,18.36,43.63,62.96,4.69,72.34
4,594.14,0.0,20.91,46.49,34.81,28.33,33.75,4.43,47.22
5,741.0,0.0,26.39,77.96,51.5,61.56,70.41,4.88,102.91
5,988.01,0.0,32.22,65.8,51.02,80.43,92.67,7.28,167.33
5,1268.39,6.43,61.69,0.06,74.39,70.35,82.47,5.76,132.92
5,2643.59,37.1,48.67,0.0,48.64,136.34,198.03,12.92,312.77
5,2162.93,16.99,69.92,0.01,62.94,118.51,142.48,6.71,294.91
5,3578.19,54.09,33.59,0.0,37.67,203.93,287.12,16.21,364.64
4,988.01,0.44,34.62,7.06,24.32,40.29,65.86,6.14,66.7
5,3471.37,38.0,48.67,0.0,33.38,186.08,284.58,12.16,350.95
5,2750.4,24.36,47.3,0.0,23.84,135.75,203.1,9.25,312.32
5,1655.58,25.7,66.49,0.0,74.39,133.21,155.38,7.41,310.37
5,1295.09,0.98,40.1,3.35,44.82,67.9,88.62,5.26,124.56
5,2590.18,0.25,50.72,10.1,27.66,192.4,260.38,7.92,355.8
5,5073.55,0.16,112.41,7.15,56.27,389.09,455.21,6.4,455.9
5,1562.12,0.04,28.1,14.66,19.55,76.8,112.19,5.26,154.94
5,1922.61,1.93,43.18,4.34,19.31,115.76,195.86,7.47,285.53
5,1842.5,5.64,31.19,0.42,14.78,114.47,215.98,7.16,281.12
5,801.09,0.0,23.31,43.99,23.84,55.39,79.6,13.05,92.21
5,854.49,0.01,22.62,24.68,10.49,52.07,85.6,5.45,86.6
5,761.03,0.0,26.73,53.64,33.86,56.66,74.63,11.91,94.36
5,3204.35,18.1,72.66,0.0,35.29,195.8,261.13,10.51,358.4
5,1188.28,0.04,26.39,18.06,27.66,99.58,120.55,6.46,230.29
5,714.3,0.0,16.45,51.5,12.16,57.59,79.01,6.27,95.93
4,447.27,0.0,20.91,56.51,35.29,37.14,43.73,6.71,61.37
5,2670.29,18.78,64.43,0.0,41.01,136.25,202.44,10.13,312.7
4,747.68,0.0,23.65,47.92,16.21,34.02,52.33,13.43,56.1
5,1281.74,1.98,38.73,2.91,16.45,51.48,109.41,14.19,106.59
5,1869.2,10.28,36.33,0.03,15.74,108.32,203.87,7.79,260.13
4,554.08,0.0,13.71,47.21,8.23,36.35,49.58,9.88,60.04
2,500.68,0.0,14.05,35.76,13.47,14.64,23.48,7.66,35.76
4,467.3,0.0,27.08,50.07,44.35,26.31,34.11,10.39,55.21
5,1014.71,0.0,33.59,28.61,34.33,72.82,97.3,7.16,141.35
5,6462.1,78.68,82.25,0.0,45.78,413.25,637.01,27.87,465.51
2,480.65,0.0,15.94,47.21,10.85,19.04,32.65,15.33,47.21
3,607.49,0.0,19.36,32.54,10.85,23.48,47.03,17.23,47.03
5,2056.12,8.72,52.78,0.13,35.76,100.43,195.81,24.83,233.19
5,1014.71,0.0,23.99,61.51,26.94,128.92,165.9,11.53,307.08
5,2136.23,14.75,45.24,0.03,29.09,139.01,254.6,28.12,314.82
5,1228.33,0.02,37.01,18.95,21.7,57.32,100.35,22.55,95.47
5,2162.93,29.5,38.04,0.0,23.6,139.61,282.39,31.41,315.28
5,1762.39,12.96,43.18,0.04,22.89,105.75,224.88,26.85,251.35
4,1054.76,0.28,37.01,18.42,22.41,44.39,81.7,20.27,81.7
2,527.38,0.0,20.05,40.41,17.4,17.11,32.5,15.33,40.41
5,2803.8,29.95,48.67,0.0,37.67,133.66,253.98,27.36,310.72
5,974.66,0.01,39.07,25.75,25.03,70.55,137.25,22.29,133.6
5,1028.06,0.1,35.3,14.84,16.45,62.63,133.79,24.07,122.79
5,1789.09,0.0,44.55,56.51,55.79,195.81,247.95,24.83,358.41
5,1295.09,0.0,39.07,63.66,55.79,97.03,120.79,17.73,221.59
5,1295.09,0.0,38.73,28.61,36.72,72.46,98.54,20.27,140.12
4,781.06,0.0,21.76,44.35,25.75,38.5,57.61,16.97,63.67
5,1508.71,0.23,49.35,9.39,42.92,78.82,119.81,23.81,161.83
2,427.25,0.0,13.02,41.48,18.6,11.93,19.49,7.73,41.48
3,494.0,0.01,17.99,25.75,16.69,20.55,27.71,3.13,34.25
3,620.84,0.05,21.08,16.81,12.76,23.83,31.4,2.34,39.72
5,6141.66,109.08,81.57,0.0,63.9,391.86,492.94,7.22,489.87
5,1508.71,0.0,32.9,43.27,27.42,183.01,228.73,6.71,348.59
5,4272.46,1.12,79.51,4.07,32.42,403.79,513.43,7.6,461.75
5,2964.02,0.07,74.03,12.34,43.39,285.89,365.61,13.05,414.87
5,2483.37,2.24,52.78,2.19,33.38,165.45,228.79,7.35,335.11
5,6088.26,90.3,66.49,0.0,95.37,450.22,668.16,77.01,480.21
4,934.6,0.13,27.76,12.7,28.61,44.76,55.71,3.67,74.25
4,988.01,0.02,25.36,21.82,31.95,35.99,43.09,2.5,59.43
4,821.11,5.76,31.19,0.15,46.25,37.56,44.1,3.29,62.08
5,2029.42,5.98,31.19,0.35,15.74,166.83,251.99,8.04,336.17
5,2456.67,23.02,34.27,0.0,18.12,158.14,286.15,10.13,329.5
5,2883.91,46.04,29.82,0.0,24.56,201.26,365.22,20.01,362.59
5,2403.26,31.29,34.27,0.0,19.07,177.32,326.5,14.31,344.22
5,2563.48,27.05,39.41,0.0,19.07,205.85,335.97,14.95,366.12
5,2189.64,2.85,53.47,2.21,21.7,219.25,319.79,11.4,376.4
5,4165.65,49.62,48.67,0.0,35.29,334.31,481.43,20.01,473.36
5,781.06,0.0,22.62,37.19,8.34,72.54,128.41,18.24,140.4
5,781.06,0.0,22.28,57.94,13.11,75.43,113.01,23.05,150.26
5,2136.23,0.0,43.18,28.61,29.09,265.93,331.09,7.85,406.94
4,827.79,0.0,27.42,31.83,33.86,45.77,62.33,6.52,75.96
4,834.47,0.03,30.5,19.13,36.72,36.84,58.28,12.29,60.87
4,680.92,0.3,21.93,7.33,20.27,25.03,32.49,2.94,41.72
4,580.79,0.02,18.68,19.31,13.35,26.08,31.33,2.34,43.47
4,854.49,0.36,35.64,7.69,37.19,35.28,43.13,4.12,58.23
5,1335.14,4.92,30.85,0.28,20.5,75.05,115.59,6.78,148.96
5,4806.52,44.7,91.85,0.0,82.02,377.02,593.24,80.05,451.1
5,1295.09,0.03,32.9,26.82,10.01,117.26,157.38,5.95,290.65
5,1201.63,0.0,29.82,38.98,10.37,116.78,157.84,14.44,289.01
5,1295.09,0.0,31.87,40.41,12.04,135.13,182.37,18.75,311.84
5,2136.23,10.17,47.98,0.1,13.23,190.16,298.05,16.21,354.08
5,3417.97,29.95,60.32,0.01,22.17,251.99,331.44,17.23,401.39
5,4859.92,76.0,46.61,0.0,22.41,334.29,459.13,12.16,441.36
5,15594.48,311.14,153.54,0.0,90.6,1106.14,1359.15,39.01,173.54
5,6675.72,16.32,119.27,0.09,47.21,826.95,1008.58,8.87,139.27
5,4272.46,0.04,91.85,17.17,47.68,491.91,595.44,11.78,496.78
5,17517.09,300.41,260.47,0.0,240.33,1328.35,1634.11,174.28,280.47
5,1361.85,0.11,35.64,16.45,8.46,126.56,186.4,20.01,305.27
5,1455.31,1.19,41.13,7.87,9.06,111.64,166.21,18.75,271.46
5,1081.47,0.0,27.08,62.94,11.09,77.17,105.5,25.08,156.2
5,1642.23,0.11,46.61,18.42,13.47,139.39,214.25,25.33,315.11
5,8117.68,143.05,78.14,0.0,89.65,568.2,791.9,84.1,103.86
5,9292.6,168.09,111.04,0.0,92.51,655.57,960.08,83.09,131.04
5,14739.99,164.51,331.76,0.0,270.84,1178.07,1521.95,194.55,343.23
5,7156.37,24.14,178.22,0.0,83.92,561.08,736.88,74.98,198.22
5,3952.03,53.2,55.52,0.0,21.46,289.46,460.31,39.01,443.05
5,19653.32,296.83,323.53,0.0,328.06,1528.94,1807.62,212.79,336.38
5,3845.21,24.81,87.74,0.0,27.18,264.17,352.55,10.77,406.24
5,2323.15,0.0,34.96,73.67,15.26,277.12,358.92,16.21,411.39
5,2248.0,15.66,51.5,0.05,13.25,185.0,303.0,16.21,350.12
5,3288.0,0.0,48.0,59.37,23.37,420.0,512.0,5.57,468.19
5,1976.01,0.0,35.64,55.07,19.79,288.78,355.99,5.57,416.02
5,8972.17,153.78,63.75,0.0,22.17,725.23,952.48,10.26,79.58
5,6141.66,48.73,115.16,0.0,41.48,590.92,750.23,34.45,135.16
5,5981.45,32.19,98.71,0.0,33.86,638.5,839.27,24.07,118.71
5,8651.73,101.03,132.98,0.0,41.01,699.29,871.07,15.45,152.98
5,1375.2,0.0,36.67,37.55,11.09,96.69,135.73,20.52,220.42
5,1562.12,0.0,24.33,98.71,11.21,118.38,145.78,27.61,294.47
5,1241.68,0.0,17.65,105.86,11.44,101.74,121.6,24.57,237.66
5,7476.81,108.18,116.53,0.0,117.3,503.67,667.62,111.46,136.53
5,727.65,0.0,20.91,62.94,13.71,54.92,74.93,18.24,91.42
5,3738.4,49.62,81.57,0.0,34.33,284.33,479.35,35.97,470.37
5,1094.82,0.0,28.45,72.24,13.47,82.82,110.26,25.33,175.49
5,1228.33,0.0,32.22,55.07,11.56,95.28,127.56,24.83,215.61
5,2964.02,38.44,58.26,0.0,17.4,185.29,311.85,35.97,350.34
5,1388.55,0.0,34.96,49.35,9.06,132.92,169.16,23.05,310.15
5,961.3,0.0,22.62,69.38,8.7,105.75,127.54,25.08,251.35
5,1041.41,0.0,32.56,47.21,13.47,77.33,108.83,27.11,156.75
5,1148.22,0.01,39.76,31.83,13.11,81.54,114.41,29.13,171.12
5,921.25,0.0,30.16,48.64,12.16,59.02,85.34,25.59,98.34
5,3257.75,34.87,60.32,0.0,22.89,238.33,368.83,38.5,391.04
5,1762.39,0.0,47.3,38.27,11.68,222.84,277.57,28.12,379.16
5,1588.82,0.0,37.7,40.05,10.13,247.87,290.95,26.6,398.37
5,2510.07,19.45,49.35,0.03,9.66,282.78,375.45,15.58,413.64
5,3337.86,38.0,58.95,0.0,22.17,307.62,445.28,30.4,423.51
5,3017.43,19.0,63.06,0.06,12.16,282.77,367.4,12.92,413.63
5,1922.61,0.98,56.21,6.97,9.78,182.07,235.98,10.01,347.87
5,3845.21,44.26,54.84,0.0,19.79,360.19,492.32,15.96,488.98
5,19439.7,375.51,252.25,0.0,234.6,1622.6,1849.5,158.07,272.25
5,2643.59,30.4,49.35,0.0,16.45,240.28,342.97,26.09,392.54
5,2403.26,17.43,47.3,0.02,10.97,234.06,309.54,11.15,387.77
5,2510.07,3.13,59.63,3.49,11.68,328.96,408.61,8.36,432.0
5,1028.06,0.0,17.65,91.55,14.07,191.52,220.06,17.73,355.12
5,1001.36,0.0,21.93,67.95,12.04,151.84,193.79,18.75,324.67
5,2269.74,3.74,56.89,2.32,11.92,256.32,365.33,7.54,403.12
5,1174.93,0.16,26.05,19.85,7.21,129.73,156.67,5.76,307.7
5,834.47,0.0,26.05,39.7,6.97,70.0,94.44,24.07,131.72
5,1028.06,0.0,28.79,50.78,9.89,97.76,122.82,26.35,224.08
5,781.06,0.0,15.94,80.82,10.85,75.48,91.56,21.79,150.43
5,1121.52,0.01,36.33,34.33,9.54,83.99,115.34,27.36,179.48
4,781.06,0.0,22.96,62.94,8.34,49.95,71.26,22.04,83.02
5,3231.05,55.43,47.3,0.0,11.56,239.05,349.31,8.61,391.6
5,3631.59,50.51,52.09,0.0,19.79,320.15,445.19,22.8,428.49
5,2109.53,0.01,39.07,35.76,9.3,342.87,397.85,5.76,437.53
5,2029.42,0.13,45.93,20.38,9.3,297.19,359.54,5.26,419.36
5,1869.2,0.17,50.04,18.6,8.94,265.43,325.04,5.07,406.74
5,1922.61,0.0,34.27,55.07,9.06,334.12,377.71,4.56,434.05
5,2429.96,0.57,51.41,11.27,9.66,374.96,450.43,7.85,450.29
5,2002.72,0.0,28.45,67.95,6.91,332.45,361.09,5.26,433.38
5,1001.36,0.0,17.99,63.66,5.48,134.54,151.33,4.5,311.39
5,2029.42,5.03,36.67,1.65,11.92,303.25,352.97,6.71,421.77
5,2136.23,0.0,37.01,44.35,7.45,340.0,381.52,4.88,436.39
5,947.95,0.0,17.82,83.68,11.21,162.53,180.2,7.03,332.87
5,1121.52,0.0,21.08,69.38,8.11,187.14,212.12,5.89,351.76
5,2323.15,0.0,52.78,35.05,27.18,292.74,348.07,8.87,417.6
5,2830.51,21.68,43.87,0.0,13.23,430.09,555.74,9.37,472.2
5,1268.39,0.01,29.82,38.62,6.79,139.81,174.11,5.07,315.44
5,3898.62,64.37,82.25,0.0,59.6,327.56,496.22,125.65,494.58
5,2990.72,17.66,61.69,0.05,17.64,457.21,575.83,19.76,482.99
5,1388.55,0.0,22.96,61.51,7.21,186.27,209.09,4.37,351.09
5,1708.98,0.0,30.16,49.35,8.23,247.34,286.98,5.13,397.96
5,2536.77,16.99,47.98,0.12,9.06,276.72,354.3,7.66,411.23
5,2269.74,14.31,57.58,0.18,11.09,266.66,326.47,9.63,407.23
5,1335.14,0.0,23.65,41.84,5.48,207.43,230.58,4.18,367.33
5,2082.82,3.16,45.93,3.31,7.63,272.78,332.29,7.41,409.66
5,3311.16,44.7,43.87,0.0,19.79,363.26,499.49,27.36,499.27
5,1508.71,0.0,25.7,52.93,9.3,271.77,303.33,3.93,409.26
5,2162.93,0.0,26.73,64.37,12.87,396.32,433.76,3.17,458.78
5,1468.66,0.0,30.85,55.79,25.75,244.51,271.21,3.1,395.79
5,4913.33,78.68,45.93,0.0,45.3,512.65,686.98,29.89,57.19
5,1108.17,0.0,14.74,83.68,8.46,184.07,202.35,6.08,349.4
5,1028.06,0.0,31.19,43.63,7.15,99.67,128.28,13.55,230.6
5,1054.76,0.0,34.27,42.92,8.11,90.82,124.04,8.23,116.31
5,2109.53,11.06,58.95,0.29,10.13,205.69,285.32,8.87,365.99
5,1842.5,4.08,54.84,2.12,9.06,206.5,277.33,8.49,366.62
5,1668.93,0.13,71.97,31.83,45.3,276.36,323.54,17.73,411.08
5,1655.58,11.29,41.47,0.14,9.66,180.39,247.52,8.61,346.58
5,1762.39,6.15,45.93,1.26,11.44,221.21,292.12,7.47,377.91
5,1281.74,0.68,36.67,8.58,9.06,142.38,189.85,15.58,317.41
5,7049.56,126.96,93.22,0.0,64.85,657.43,848.52,45.6,113.22
5,1295.09,0.28,35.99,12.16,16.69,113.38,152.07,5.13,277.4
5,1508.71,11.51,35.64,0.02,9.18,144.29,184.4,5.95,318.87
5,847.82,0.0,21.42,52.21,8.23,85.28,102.29,16.47,183.89
5,827.79,0.0,20.56,68.66,9.06,90.74,107.95,12.03,105.62
5,3845.21,57.22,50.72,0.0,51.5,340.1,458.82,57.76,440.92
5,988.01,0.0,24.33,75.1,22.89,105.61,121.01,2.47,250.88
5,9613.04,268.22,61.01,0.0,66.76,796.22,1023.83,40.53,83.37
4,614.17,0.0,12.85,69.38,6.97,54.39,65.42,5.13,90.52
5,907.9,0.0,17.65,87.26,16.69,117.86,134.51,17.23,292.69
5,1081.47,0.0,24.68,55.07,9.18,136.28,172.03,12.54,312.73
5,1068.12,0.0,26.73,50.78,8.34,123.24,163.88,15.58,302.72
5,1081.47,0.0,20.56,52.93,8.46,159.87,187.93,19.0,330.83
5,10360.72,185.97,119.27,0.0,173.57,826.78,1035.89,141.86,139.27
5,4859.92,36.21,54.84,0.0,29.8,541.01,730.81,18.24,68.39
4,807.76,0.0,24.68,43.27,9.18,53.21,76.51,25.59,88.53
5,1295.09,0.02,37.7,30.04,10.25,142.52,187.76,25.59,317.52
5,1708.98,0.0,52.78,49.35,29.56,160.81,199.25,13.55,331.55
5,3685.0,16.76,64.43,0.2,20.98,394.96,501.77,6.08,458.24
5,1041.41,0.0,23.31,53.64,12.76,204.58,248.29,23.31,365.14
4,587.46,0.0,14.05,84.4,12.28,55.8,68.1,22.29,92.9
4,634.19,0.0,11.31,103.0,10.01,51.95,62.9,18.24,103.96
5,1028.06,0.0,28.79,48.64,12.76,127.06,160.01,27.87,305.65
5,1468.66,0.0,34.27,45.42,14.19,237.29,298.79,20.27,390.25
5,3391.27,46.04,49.35,0.0,43.39,539.12,748.46,57.25,61.49
5,2750.4,15.87,45.93,0.07,12.4,499.3,622.31,8.99,499.72
5,5126.95,37.55,87.05,0.0,32.9,551.76,689.6,21.79,107.05
5,12069.7,101.92,282.41,0.0,196.46,1198.44,1429.13,145.91,302.17
5,1789.09,0.0,56.89,55.07,38.62,182.15,221.8,24.57,347.93
5,1588.82,0.0,33.59,39.7,11.32,333.06,405.63,14.31,433.63
5,1174.93,0.01,35.3,36.12,12.28,144.74,186.33,26.09,319.22
5,1789.09,12.18,27.76,0.15,14.78,189.04,248.32,23.31,353.22
5,2296.45,12.52,61.01,0.14,32.42,227.44,355.76,70.93,382.69
5,1255.04,0.0,29.13,35.41,11.68,144.35,209.14,25.33,318.92
5,1255.04,0.05,39.07,23.25,13.95,97.14,152.74,26.6,221.96
3,947.95,0.07,32.22,21.64,13.47,45.4,88.04,24.07,88.04
5,1815.8,15.65,43.53,0.03,15.02,119.01,217.03,34.96,296.62
4,934.6,0.0,27.42,34.69,10.61,73.26,112.44,22.29,142.85
3,854.49,0.01,26.39,27.89,9.66,47.31,78.0,22.55,78.56
4,807.76,0.0,17.14,38.27,8.23,63.56,81.04,18.24,109.74
3,834.47,0.02,24.68,27.18,10.01,47.78,75.14,22.8,79.35
5,1415.25,0.41,40.78,11.62,13.47,89.77,139.13,23.31,199.21
5,3631.59,21.46,69.23,0.01,41.48,242.58,349.63,44.58,394.31
5,2510.07,1.31,67.86,5.54,22.41,176.23,240.21,22.55,343.39
5,1976.01,2.07,60.32,2.64,22.17,131.67,177.75,20.27,309.19
5,1815.8,5.2,45.24,0.87,14.54,123.8,196.35,25.33,303.15
5,2830.51,20.34,50.04,0.01,19.55,216.39,313.09,34.45,374.21
5,1161.58,0.09,30.5,19.31,12.4,113.91,176.79,25.08,279.21
5,3311.16,46.94,52.78,0.0,29.33,232.14,414.87,44.58,386.29
5,3177.64,38.0,54.15,0.0,42.44,225.05,382.11,51.17,380.85
5,6782.53,92.98,87.74,0.0,80.11,461.88,634.09,47.12,484.84
5,2456.67,0.32,76.09,15.2,58.65,154.07,213.69,26.6,326.38
5,10894.78,212.79,104.19,0.0,116.35,817.91,1025.13,64.85,124.19
5,3391.27,22.13,52.09,0.0,22.89,257.41,345.1,9.88,403.55
5,2510.07,17.43,45.24,0.03,17.88,206.47,314.72,14.06,366.59
5,5073.55,60.8,90.48,0.0,118.26,351.35,485.55,63.33,479.27
5,2536.77,15.2,30.5,0.02,18.12,176.04,299.0,15.71,343.24
5,2456.67,17.88,46.61,0.03,17.4,156.78,258.68,18.24,328.46
5,1949.31,14.98,39.76,0.05,17.17,117.69,214.38,23.56,292.11
5,1348.5,0.0,39.07,77.25,60.56,118.0,146.5,4.94,293.17
5,1495.36,0.13,30.5,16.09,13.83,118.82,193.5,8.61,295.97
4,988.01,0.08,30.5,21.46,9.66,67.12,117.61,22.29,121.89
5,988.01,0.0,24.68,66.52,11.8,91.42,126.99,20.77,202.43
5,1134.87,0.01,32.22,34.33,11.92,85.9,133.71,23.05,186.0
5,2990.72,0.0,119.27,33.62,87.74,282.94,431.49,98.29,413.7
4,854.49,0.0,20.91,92.98,13.47,73.45,90.69,3.2,143.5
5,3631.59,12.74,66.49,0.13,38.15,261.46,340.84,10.26,405.16
5,1708.98,1.51,33.93,4.16,13.23,159.28,250.7,11.02,330.38
4,1001.36,0.02,26.73,26.11,7.99,51.82,89.08,19.25,89.08
4,1001.36,0.0,25.02,70.81,28.37,72.77,107.94,20.01,141.18
3,801.09,0.0,25.36,45.42,10.97,45.67,76.64,25.08,76.64
3,767.71,0.0,22.62,70.1,15.26,40.69,63.83,23.81,70.1
3,787.73,0.0,23.65,80.11,16.69,46.18,73.79,21.03,80.11
3,761.03,0.0,22.28,62.23,11.21,39.59,64.93,25.08,65.51
3,781.06,0.0,22.28,55.07,11.44,42.89,71.28,23.31,71.28
3,667.57,0.0,17.65,69.38,9.89,36.04,58.07,21.79,69.38
4,934.6,0.0,28.79,43.99,16.93,55.16,88.52,25.84,91.82
3,574.11,0.0,15.59,90.12,15.74,35.26,59.71,19.76,90.12
5,2510.07,16.32,58.95,0.01,35.29,130.03,241.21,31.41,307.93
4,867.84,0.0,24.68,77.96,18.36,75.0,124.07,24.32,148.79
5,1575.47,0.03,53.47,20.92,23.37,89.7,174.59,27.11,198.98
5,3791.81,8.27,87.74,0.4,76.29,254.6,380.28,36.48,402.43
5,2056.12,15.65,45.24,0.01,36.72,106.33,226.41,26.6,253.33
5,6729.13,48.73,156.28,0.0,173.57,391.76,595.21,126.66,456.96
5,1388.55,0.1,41.81,16.45,30.52,85.27,177.98,28.37,183.85
3,660.9,0.0,23.65,43.63,17.88,33.52,61.64,17.99,61.64
2,527.38,0.0,12.68,61.51,11.56,16.45,29.01,14.19,61.51
3,607.49,0.0,17.48,98.71,27.18,35.63,58.58,19.25,98.71
2,540.73,0.0,13.54,80.11,12.28,23.82,40.71,16.97,80.11
5,1468.66,0.2,49.35,12.87,24.8,77.31,162.52,28.63,156.68
3,1028.06,0.0,35.99,69.38,45.78,49.04,72.86,21.03,81.48
5,2429.96,1.01,61.69,8.23,44.82,149.23,241.53,31.92,322.66
5,1068.12,0.0,26.05,47.92,25.51,78.57,129.32,25.59,160.98
5,4165.65,13.08,83.63,0.08,74.39,338.5,506.32,57.76,435.79
5,3204.35,10.62,89.11,0.14,35.29,219.09,356.41,32.17,376.28
5,2029.42,0.37,56.21,17.88,39.58,136.73,189.96,22.8,313.07
4,1014.71,0.0,26.39,58.65,40.53,71.72,84.63,6.59,137.6
4,1188.28,0.01,35.3,22.17,41.01,65.2,87.49,6.46,115.34
5,2082.82,7.26,45.24,0.2,21.93,104.95,174.08,7.09,248.62
5,9506.23,123.38,101.45,0.0,148.77,639.69,811.73,96.26,123.44
5,2830.51,12.63,60.32,0.12,21.93,222.99,387.1,25.08,379.27
5,3257.75,21.68,73.34,0.01,22.89,175.4,305.03,37.49,342.75
5,3311.16,22.8,61.01,0.0,21.93,187.19,280.42,28.63,351.8
5,1588.82,0.0,32.9,83.68,33.86,125.59,171.32,23.56,304.52
4,867.84,0.0,21.25,76.53,21.22,63.48,110.5,18.75,109.47
3,540.73,0.0,17.14,104.43,16.45,25.57,42.83,17.23,106.07
5,2643.59,6.43,90.48,0.68,48.64,135.85,274.38,56.24,312.4
5,2376.56,3.58,66.49,1.7,36.72,142.47,267.39,35.97,317.48
5,2216.34,0.11,50.04,14.31,27.42,231.56,344.56,32.93,385.85
5,1949.31,0.0,39.41,61.51,40.05,149.28,231.87,21.79,322.7
5,6355.29,67.06,95.96,0.0,103.95,395.87,579.79,57.76,458.6
5,3204.35,10.84,67.17,0.36,62.94,202.46,347.05,30.15,363.52
4,934.6,0.0,31.53,41.48,22.89,49.52,116.07,22.04,111.01
3,440.6,0.0,10.45,108.72,12.99,37.17,80.53,12.03,112.41
3,554.08,0.0,12.85,118.73,16.69,45.4,68.01,16.21,127.2
4,1161.58,0.0,37.7,50.07,19.79,71.64,135.53,24.57,137.32
5,3070.83,12.85,81.57,0.08,69.62,172.37,327.52,66.88,340.42
5,1575.47,0.32,50.04,9.92,31.95,81.03,186.17,23.31,169.38
4,1068.12,0.0,34.62,37.19,23.6,65.72,160.28,23.56,140.39
4,1001.36,0.01,37.01,27.18,24.08,53.07,136.26,24.32,124.43
5,1161.58,0.0,24.33,62.94,28.85,82.46,108.6,8.87,174.26
